<?xml version="1.0" encoding="UTF-8"?>
<project-private xmlns="http://www.netbeans.org/ns/project-private/1">
    <editor-bookmarks xmlns="http://www.netbeans.org/ns/editor-bookmarks/2" lastBookmarkId="0"/>
    <open-files xmlns="http://www.netbeans.org/ns/projectui-open-files/2">
        <group>
            <file>file:/C:/Users/danie/Documents/NetBeansProjects/trabajo-final-grupouno/ProyectoFinal/src/Controlador/controladorErrores.java</file>
            <file>file:/C:/Users/danie/Documents/NetBeansProjects/trabajo-final-grupouno/ProyectoFinal/src/Controlador/controladorTiposCultivo.java</file>
            <file>file:/C:/Users/danie/Documents/NetBeansProjects/trabajo-final-grupouno/ProyectoFinal/src/Controlador/Conversiones.java</file>
            <file>file:/C:/Users/danie/Documents/NetBeansProjects/trabajo-final-grupouno/ProyectoFinal/src/Controlador/controladorCosecha.java</file>
            <file>file:/C:/Users/danie/Documents/NetBeansProjects/trabajo-final-grupouno/ProyectoFinal/src/Controlador/controladorResultado.java</file>
            <file>file:/C:/Users/danie/Documents/NetBeansProjects/trabajo-final-grupouno/ProyectoFinal/src/Modelo/Errores.java</file>
            <file>file:/C:/Users/danie/Documents/NetBeansProjects/trabajo-final-grupouno/ProyectoFinal/src/Modelo/TiposCultivo.java</file>
            <file>file:/C:/Users/danie/Documents/NetBeansProjects/trabajo-final-grupouno/ProyectoFinal/src/Controlador/controladorProduccion.java</file>
            <file>file:/C:/Users/danie/Documents/NetBeansProjects/trabajo-final-grupouno/ProyectoFinal/src/Modelo/Siembra.java</file>
            <file>file:/C:/Users/danie/Documents/NetBeansProjects/trabajo-final-grupouno/ProyectoFinal/src/Controlador/controladorLogin.java</file>
            <file>file:/C:/Users/danie/Documents/NetBeansProjects/trabajo-final-grupouno/ProyectoFinal/src/Vista/Vista.java</file>
            <file>file:/C:/Users/danie/Documents/NetBeansProjects/trabajo-final-grupouno/ProyectoFinal/src/Vista/Main.java</file>
            <file>file:/C:/Users/danie/Documents/NetBeansProjects/trabajo-final-grupouno/ProyectoFinal/src/Modelo/Resultado.java</file>
            <file>file:/C:/Users/danie/Documents/NetBeansProjects/trabajo-final-grupouno/ProyectoFinal/src/Controlador/controladorSiembra.java</file>
            <file>file:/C:/Users/danie/Documents/NetBeansProjects/trabajo-final-grupouno/ProyectoFinal/src/Modelo/Archivo.java</file>
            <file>file:/C:/Users/danie/Documents/NetBeansProjects/trabajo-final-grupouno/ProyectoFinal/src/Modelo/Cosecha.java</file>
            <file>file:/C:/Users/danie/Documents/NetBeansProjects/trabajo-final-grupouno/ProyectoFinal/src/Modelo/Produccion.java</file>
            <file>file:/C:/Users/danie/Documents/NetBeansProjects/trabajo-final-grupouno/ProyectoFinal/src/Modelo/Usuario.java</file>
        </group>
    </open-files>
</project-private>
